"","grid","DYRK1A_N","ITSN1_N","BDNF_N","NR1_N","NR2A_N","pAKT_N","pBRAF_N","pCAMKII_N","pCREB_N","pELK_N","pERK_N","pJNK_N","PKCA_N","pMEK_N","pNR1_N","pNR2A_N","pNR2B_N","pPKCAB_N","pRSK_N","AKT_N","BRAF_N","CAMKII_N","CREB_N","ELK_N","ERK_N","GSK3B_N","JNK_N","MEK_N","TRKA_N","RSK_N","APP_N","Bcatenin_N","SOD1_N","MTOR_N","P38_N","pMTOR_N","DSCR1_N","AMPKA_N","NR2B_N","pNUMB_N","RAPTOR_N","TIAM1_N","pP70S6_N","NUMB_N","P70S6_N","pGSK3B_N","pPKCG_N","CDK5_N","S6_N","ADARB1_N","AcetylH3K9_N","RRP1_N","BAX_N","ARC_N","ERBB4_N","nNOS_N","Tau_N","GFAP_N","GluR3_N","GluR4_N","IL1B_N","P3525_N","pCASP9_N","PSD95_N","SNCA_N","Ubiquitin_N","pGSK3B_Tyr216_N","SHH_N","pS6_N","pCFOS_N","SYP_N","CaNA_N","intercept"
"1",0.367879441171442,0,0,0,0,0,0,0,0,0,0,0,0,0,0,0,0,0,0,0,0,0,0,0,0,0,0,0,0,0,0,0,0,0,0,0,0,0,0,0,0,0,0,0,0,0,0,0,0,0,0,0,0,0,0,0,0,0,0,0,0,0,0,0,0,0,0,0,0,0,0,0,0,0
"2",0.335910981239162,0,0,0,0,0,0,0,0,0,0,0,0,0,0,0,0,0,0,0,0,0,0,0,0,0,0,0,0,0,0,0,0,0,0,0,0,0,0,0,0,0,0,0,0,0,0,0,0,0,0,0,0,0,0,0,0,0,0,0,0,0,0,0,0,0,0,0,0,0,0,0,0,0
"3",0.306720557576557,0,0,0,0,0,0,0,0,0,0,0,0,0,0,0,0,0,0,0,0,0,0,0,0,0,0,0,0,0,0,0,0,0,0,0,0,0,0,0,0,0,0,0,0,0,0,0,0,0,0,0,0,0,0,0,0,0,0,0,0,0,0,0,0,0,0,0,0,0,0,0,0,0
"4",0.280066760821649,0,0,0,0,0,0,0,0,0,0,0,0,0,0,0,0,0,0,0,0,0,0,0,0,0,0,0,0,0,0,0,0,0,0,0,0,0,0,0,0,0,0,0,0,0,0,0,0,0,0,0,0,0,0,0,0,0,0,0,0,0,0,0,0,0,0,0,0,0,0,0,0,0
"5",0.255729159913101,0,0,0,0,0,0,0,0,0,0,0,0,0,0,0,0,0,0,0,0,0,0,0,0,0,0,0,0,0,0,0.0660510537176,0,0,0,0,0,0,0,0,0,0,0,0,0,0,0,0,0,0,0,0,0,0,0,0,0,0,0,0,0,0,0,0,0,0,0,0,0,0,0,0,0,0
"6",0.233506479090913,0,0,0,0,0,0,0,0,0,0,0,0,0,0,0,0,0,0,0,0,0,0,0,0,0,0,0,0,0,0,0.155848428634408,0,0,0,0,0,0,0,0,0,0,0,0,0,0,0,0,0,0,0,0,0,0,0,0,0,0,0,0,0,0,0,0,0,0,0,0,0,0,0,0,0,0
"7",0.213214933314462,0,0,0,0,0,0,0,0,0,0,0,0,0,0,0,0,0,0,0,0,0,0,0,0,0,0,0,0,0,0,0.239371324380471,0,0,0,0,0,0,0,0,0,0,0,0,0,0,0,0,0,0,0,0,0,0,0,0,0,0,0,0,0,0,0,0,0,0,0,0,0,0,0,0,0,0
"8",0.19468670833151,0,0,0,0,0,0,0,0,0,0,0,0,0,0,0,0,0,0,0,0,0,0,0,0,0,0,0,0,0,0,0.317652222503516,0,0,0,0,0,0,0,0,0,0,0,0,0,0,0,0,0,0,0,0,0,0,0,0,0,0,0,0,0,0,0,0,0,0,0,0,0,0,0,0,0,0
"9",0.177768572828138,0,0,0,0,0,0,0,0,0,0,0,0,0,0,0,0,0,0,0,0,0,0,0,0,0,0,0,0,0,0,0.391435549328071,0,0,0,0,0,0,0,0,0,0,0,0,0,0,0,0,0,0,0,0,0,0,0,0,0,0,0,0,0,0,0,0,0,0,0,0,0,0,0,0,0,0
"10",0.162320611181848,0,0,0,0,0,0,0,0,0,0,0,0,0,0,0,0,0,0,0,0,0,0,0,0,0,0,0,0,0,0,0.461264436124207,0,0,0,0,0,0,0,0,0,0,0,0,0,0,0,0,0,0,0,0,0,0,0,0,0,0,0,0,0,0,0,0,0,0,0,0,0,0,0,0,0,0
"11",0.14821506633752,0,0,0,0,0,0,0,0,0,0,0,0,0,0,0,0,0,0,0,0,0,0,0,0,0,0,0,0,0,0,0.52753904885416,0,0,0,0,0,0,0,0,0,0,0,0,0,0,0,0,0,0,0,0,0,0,0,0,0,0,0,0,0,0,0,0,0,0,0,0,0,0,0,0,0,0
"12",0.135335283236613,0,0,0,0,0,0,0,0,0,0,0,0,0,0,-0.0234280883930688,0,0,0,0,0,0,0,0,0,0,0,0,0,0,0,0.601246172450022,0,0,0,0,0,0,0,0,0,0,0,0,0,0,0,0,0,0,0,0,0,0,0,0,0,0,0,0,0,0,0,0,0,0,0,0,0,0,0,0,0,0
"13",0.123574744061614,0,0,0,0,0,0,0,0,0,0,0,0,0,0,-0.0969818574974679,0,0,0,0,0,0,0,0,0,0,0,0,0,0,0,0.709433194318838,0,0,0,0,0,0,-0.0318103760555584,0,0,0,0,0,0,0,0,0,0,0,0,0,0,0,0,0,0,0.0142840618114047,0,0,0,0,0,0,0,0,0,0,0,0,0,0,0,0
"14",0.112836187317057,0,0,0,0,0,0,0,0,0,0,0,0,0,0,-0.148883775319739,0,0,0,0,0,0,0,0,0,0,0,0,0,0,0,0.815764832516296,0,0,0,0,0,0,-0.0864267450872457,0,0,0,0,0,0,0,0,0,0,0,0,0,0,0,0,0,0,0.0547319836957712,0,0,0,0,0,0,0,0,0,0,0,0,0,0,0,0
"15",0.103030803461764,0,0,0,0,0,0,0,0,0,0,0,0,0,0,-0.197990152697713,0,0,0,0,0,0,0,0,0,0,0,0,0,0,0,0.919198630255998,0,0,-0.00185394610046595,0,0,0,-0.136711675863904,0,0,0,0,0,0,0,0,0,0,0,0,0,0,0,0,0,0,0.0924849700799625,0,0,0,0,0,0,0,0,0,0,0,0,0,0,0,0
"16",0.0940775004400739,0,0,0,0,0,0,0,0,0,0,0,0,0,0,-0.245321135183446,0,0,0,0,0,0,0,0,0,0,0,0,0,0,0,1.01985108051407,0,0,-0.0134340754201744,0,0,0,-0.176916518133014,0,0,0,0,0,0,0,0,0,0,0,0,0,0,0,0,0,0,0.127225795219964,0,0,0,0,0,0,0,0,0,0,0,0,0,0,0,0
"17",0.0859022330378763,0,0,0,0,0,0,0,0,0,0,0,0,0,0,-0.290696336530935,0,0,0,0,0,0,0,0,0,0,0,0,0,0,0,1.11851328954759,0,0,-0.0245472244893906,0,0,0,-0.215612145475842,0,0,0,0,0,0,0,0,0,0,0,0,0,0,0,0,0,0,0.160268737189241,0,0,0,0,0,0,0,0,0,0,0,0,0,0,0,0
"18",0.0784373905171307,0,0,0,0,0,0,0,0,0,0,0,0,0,0,-0.334409694156479,0,0,0,0,0,0,0,0,0,0,0,0,0,0,0,1.21543718984795,0,0,-0.0351814515443977,0,0,0,-0.253112303511499,0,0,0,0,0,0,0,0,0,0,0,0,0,0,0,0,0,0,0.19184735078811,0,0,0,0,0,0,0,0,0,0,0,0,0,0,0,0
"19",0.0716212374645035,0,0,0,0,0,0,0,0,0,0,0,0,0,0,-0.366584404547804,0,0,0,0,0,0,0,0,0,0,0,0,0,0,0,1.30984929616693,0,0,-0.0423271630104495,0,0,0,-0.29550997495581,0,0,0,0,0,0,0,0,0,0,0,0,0,0,0,0,0,0,0.222394870183938,0,0,0,0,0,0,0,0,0,0,0,0,0,-0.0158219513955978,0,0
"20",0.0653974032298602,0,0,0,0,0,0,0,0,0,0,0,0,0,0,-0.386002778591209,0,0,0,0,0,0,0,0,0,0,0,0,0,0,0,1.39993617953878,0,0,-0.0473004933602489,0,0,0,-0.346838775133229,0,0,0,0,0,0,0,0,0,0,0,0,0,0,0,0,0,0,0.249772585347592,0,-0.0189885159832402,0,0,0,0,0,0,0,0,0,0,0,-0.0336254082237791,0,0
"21",0.0597144157321853,0,0,0,0,0,0,0,0,0,0,0,0,0,0,-0.404373812718462,0,0,0,0,0,0,0,0,0,0,0,0,0,0,0,1.48858938635725,0,0,-0.0517133687180003,0,0,0,-0.39784784870268,0,0,0,0,0,0,0,0,0,0,0,0,0,0,0,0,0,0,0.276088405974365,0,-0.0390945372142264,0,0,0,0,0,0,0,0,0,0,0,-0.0501290046953023,0,0
"22",0.0545252757774352,0,0,0,0,0,0,0,0,0,0,0,0,0,0,-0.422427077183291,0,0,0,0,0,0,0,0,0,0,0,0,0,0,0,1.5760873764476,0,0,-0.0556023798879547,0,0,0,-0.447993343654931,0,0,0,0,0,0,0,0,0,0,0,0,0,0,0,0,0,0,0.301633739976677,0,-0.0585882673796043,0,0,0,0,0,0,0,0,0,0,0,-0.06580963095849,0,0
"23",0.0497870683678639,0,0,-0.0632034212820297,0,0,0,0,0,0,0,0,0,0,0,-0.419313500474681,0,0,0,0,0,0,0,0,0,0,0,0,0,0,0,1.68047745109885,0,0,-0.0677257420809989,0,0,0,-0.471777075081272,0,0,0,0,0,0,0,0,0,0,0,0,0,0,0,0,0,0,0.322495939626572,0,-0.0855593178602287,0,0,0,0,0,0,0,0,0,0,0,-0.0652650911503042,0,0
"24",0.0454606077882905,0,0,-0.113461461171883,0,0,0,0,0,0,0,-0.00443008619697918,0,0,0,-0.405533918885762,0,0,0,0,0,0,0,0,0,-0.0231768002837613,0,0,0,0,0,1.78410730434705,0,0,-0.0929395370450633,0,0,0,-0.487910366230586,0,0,0,0,0,0,0,0,0,0,0,0,0,0,0,0,0,0,0.342562895915124,0,-0.111110151793453,0,0,0,0,0,0,0,0,0,0,0,-0.0630772647126614,0,0
"25",0.0415101135341151,0,0,-0.146561884597024,0,0,0,0,0,0,0,-0.0245817029109738,0,0,0,-0.392716615347461,0,0,0,0,0,0,0,0,0,-0.0487420658850909,0,0,0,0,0,1.88419651621595,0,0,-0.127398851616995,0,0,0,-0.501107797301717,0,0,0,0,0,0,0,0,0,0,0,0,0,0,0,0,0,0,0.363009397760837,0,-0.133757498857484,0,0,0,0,0,0,0,0,0,0,0,-0.065356967722977,0,0
"26",0.0379029144009585,0,0,-0.177610278521835,0,0,0,0,0,0,0,-0.0441237875392206,0,0,0,-0.380525706179904,0,0,0,0,0,0,0,0,0,-0.0739888906864512,0,0,0,0,0,1.98228933121908,0,0,-0.161179964195309,0,0,0,-0.514215559021932,0,0,0,0,0,0,0,0,0,0,0,0,0,0,0,0,0,0,0.383038446320642,0,-0.155727182441314,0,0,0,0,0,0,0,0,0,0,0,-0.0677393491755458,0,0
"27",0.0346091782887005,0,0,-0.206204505695638,0,0,0,0,0,0,0,-0.0630444004456482,0,0,0,-0.370639731125605,0,0,0,0,0,0,0,0,0,-0.0979026668273076,0,0,0,0,0,2.07911555527609,0,0,-0.194271021913777,0,0,0,-0.524670040346243,0,-0.00375509132055446,0,0,0,0,0,0,0,0,0,0,0,0,0,0,0,0,0.402390465962984,0,-0.176997473158241,0,0,0,0,0,0,0,0,0,0,0,-0.0701449562362522,0,0
"28",0.0316016654853529,0,0,-0.229975435765668,0,0,0,0,0,0,0,-0.0805656745722376,0,0,0,-0.370632638630329,0,0,0,0,0,0,0,0,0,-0.11613067977295,0,0,0,0,0,2.17784883407099,0,0,-0.226524845979927,0,0,0,-0.521234379634349,0,-0.0280777574557259,0,0,0,0,0,0,0,0,0,0,0,0,0,0,0,0,0.419910462755022,0,-0.197319420498875,0,0,0,0,0,0,0,0,0,0,0,-0.0720996446722769,0,0
"29",0.0288555033903882,0,0,-0.250857418058369,0,0,0,0,0,0,0,-0.0934792154057753,0,0,0,-0.370006257218342,0,0,-0.00288212894523265,0,0,0,0,0,0,-0.139146195153187,0,0,0,0,0,2.27464295134842,0,0,-0.265715746350162,0,0,0,-0.512971830116863,0,-0.0507090743983657,0,0,0,0,0,0,0,0,0,0,0,0,0,0,0.0165945742500911,0,0.429120393510773,0,-0.218596046483009,0,0,0,0,0,0,0,0,0,0,0,-0.079699008431278,0,0
"30",0.0263479808144487,0,0,-0.266972951834979,0,0,0,0,0,0,0,-0.0995196564508326,0,0,0,-0.36848312057161,0,0,-0.012280208490827,0,0,0,0,0,0,-0.168950849117843,0,0,0,0,0,2.36969988161637,0,0,-0.315938942732274,0,0,0,-0.497806355693584,0,-0.0707334434144899,0,0,0,0,0,0,0,0,0,0,0,0,0,0,0.0581711231255094,0,0.425779469783747,0,-0.241785722025258,0,0,0,0,0,0,0,0,0,0,0,-0.0957580998673162,0,0
"31",0.0240583601542644,0,0,-0.279309264244507,0,0,0,0,0,0,0,-0.103493568040677,0,-0.00990467386820816,0,-0.367199305095576,0,0,-0.0120316328685549,0,0,0,0,0,0,-0.202683912182913,0,0,0,0,0,2.46200234950124,0,0.0089155730645325,-0.361967953811284,0,0,0,-0.489936384908611,0,-0.0835607499130776,0,0,0,0,0,0,0,0,0,0,0,0,0.00569103838820562,0,0.0986233484199574,0,0.421266285127408,0,-0.263577856271115,0,0,0,0,0,0,0,0,0,0,0,-0.113296076369014,0,0
"32",0.0219677058894355,0,0,-0.286053765713148,0,0,0,0,0,0,0,-0.106542802648735,0,-0.0300239608329537,0,-0.35630337021063,-0.0157043318572462,0,-0.0120184455385376,0,0,0,0,0,0,-0.248795375781851,0,0,0,0,0,2.55117512537289,0,0.0172288756986268,-0.389346111706677,0,0,0,-0.499819905654105,0,-0.0889664573800853,0,0,0,0,0,0,0,0,0,0,0,0,0.0428528001265464,0,0.137831314073146,0,0.412212583958635,0,-0.287471396641048,0,0,0,0,0,0,0,0,0,0,0,-0.131642161223959,0,0
"33",0.0200587279827216,0,0,-0.289893991867006,0,0,0,0,0,0,0,-0.109384490639958,0,-0.0518683695826169,0,-0.345568505874022,-0.0367084965238191,0,-0.00952245159959223,0,0,0,0,0,0,-0.296266903226179,0,0,0,0,0,2.6397277406018,0,0.0266022723501407,-0.410747202822497,0,0,0,-0.51197270519158,0,-0.0957388855786862,0,0,0,0,0,0,0,0,0,0,0,0,0.0792503050410935,0,0.179986174078635,0,0.40261081167673,0,-0.310170184819322,0,0,0,0,0,0,0,0,-0.00736522587266735,0,0,-0.148971862101632,0,0
"34",0.0183156388887342,0,0,-0.278686628787149,0,0,0,0,0,0,0,-0.107014391140371,0,-0.082974986308408,0,-0.345571496182152,-0.0611125905959493,0,-0.0116489882579765,0,0,0,0,0,0,-0.351037882520172,0,0,0,0,0,2.72755653507753,0,0.0345442568593138,-0.408572392060983,0,0,0,-0.532166079424368,0,-0.109956452060417,0,0,0,0.0150536795382723,0,0,0.0118998955711952,0,0,0,0,0,0.109535036893914,0,0.232964036287823,0,0.386954248300699,0,-0.331085412383981,0,0,0,0,0,0,0,0,-0.0429795260389239,0,0,-0.16731850551757,0,0
"35",0.0167240229884704,0,0,-0.24954139788071,0,0,0,0,0,0,0,-0.0974512971545515,0,-0.0899632297341555,0,-0.35709984769211,-0.0863283366911427,0,-0.0395781474042715,0,0,0,0,0,-0.0248870176083441,-0.407599200616215,0,0,0,0,0,2.78543452383451,0,0.0401754835584072,-0.403173486125072,0,0,0,-0.566159131566166,0,-0.147995748403899,0,0.0480944856206695,0,0.0932885386138053,0,0,0.0311063139028918,0,0,0,0,0,0.122191077348663,0,0.286431358935679,0,0.358039372101787,0,-0.354403109114082,0,0,0,0,0,0,0,0,-0.0783261569328613,0,0,-0.187460120685635,0,0
"36",0.0152707173698934,0,0,-0.203760808238889,0,0,0,0,0,0,0,-0.0853818795871427,0,-0.0858981889641296,0,-0.361132714956809,-0.106275291092316,0,-0.0661455529349644,0,0,-8.71670025286795e-05,-0.00202808642287719,0,-0.0891314485734931,-0.437537081969556,0,0,0,0,0,2.80345334598157,0,0.0426833495286737,-0.42324226300585,0,0,0,-0.633966242350984,0,-0.209745841848756,0,0.184412990325009,0,0.187629702753814,0,0,0.0434498816983356,0,0,0,0,0,0.122532345414433,0,0.344438802056431,0,0.325835157592242,0,-0.377859957256809,0,0,0,0,0,0,0,0,-0.104551830463881,0,0,-0.207585085604446,0,0
"37",0.0139437029685936,0,0,-0.165042537526744,0,0,0,0,0,0,0,-0.0599793963205416,0,-0.0767422508880671,0,-0.377416640337756,-0.128873447704312,0,-0.0997871090631385,0,0,-0.0157647224891995,-0.0340122701309033,0,-0.150152593823683,-0.491533997132298,0,0,0,0.0593127187380727,0,2.8127918826672,0,0.0516082947091722,-0.442066662424438,0,0,0,-0.697461178204237,0,-0.259571523256966,0,0.322262241147009,0,0.272469273392189,0,0,0.0426822105544398,0,0,0,0,0,0.12734301467023,0,0.395707150196335,0,0.299273472530558,0,-0.404747410816099,0,0,0,0,0,0,0,0,-0.124667735173289,0,0,-0.226624420235414,0,0
"38",0.01273200516825,0,0,-0.178983999290919,0,0,0,0,-0.0228109829372408,0,0,-0.0245827856053468,0,-0.0408342681634432,0,-0.442971364772519,-0.145774826665409,0,-0.156833659633692,-0.0366904029949816,0,-0.049875479784612,-0.0974947018277731,0,-0.181153830671251,-0.599396752746397,0,0,0,0.293609709898048,0,2.80006573864163,0,0.0624991967242199,-0.466626567688865,0,0,0,-0.747245574303476,0,-0.28772239225596,0,0.473899960993112,0,0.321547074972646,0,0,0.0389948402368245,0,0,0,0,0,0.139396177603298,0,0.428058186384242,0,0.2919403380231,0,-0.430321671289831,0,0,0,0,0,0,0,0,-0.134228482444713,0,0,-0.252101376343871,0,0
"39",0.0116256030388385,0,0,-0.18284885420438,0,0,0,0,-0.0462128917366593,0,0,0,0,0,0,-0.495141641237791,-0.156772056599103,0,-0.209981962065745,-0.0860595360590952,0,-0.0716733171809781,-0.142732332593018,0,-0.217627237948344,-0.693077316643244,0,0,0,0.476142611751723,0,2.8104117496099,0,0.0738082260678732,-0.494538758936308,0,0,0,-0.797146418321384,0,-0.313490855543273,0,0.602925939652471,0,0.372224321813071,0,0,0.0485521411999228,0,0,0,0,0,0.150005193349532,0,0.46315834744684,0,0.284552594240085,0,-0.457846533013371,0,0,0,0,0,0,0,0,-0.148027924239877,0,0,-0.277554736351688,0,0
"40",0.0106153464619767,0,0,-0.171279741957681,0,0,0,0,-0.0738092576407588,0,0,0,0,0,0,-0.534084046038058,-0.15828166706466,0,-0.239349145626444,-0.122740440954566,0,-0.0723640123243835,-0.174263275532508,0,-0.258790276065887,-0.783329529408855,0,0,0,0.620368114944909,0,2.8426481759057,0,0.08080155558806,-0.517827395600995,0,0,0,-0.839824942028721,-0.0166627355384928,-0.331818067857984,0,0.719258824425691,0,0.42306259186303,0,0,0.0615160812481657,0,0,0,0,0,0.160762249009642,0,0.49998451914636,0,0.281109062103254,-0.0080038845444342,-0.480623321036288,0,0,0,0,0,0,0,0,-0.164373799806124,0,0,-0.29540198190706,0,0
"41",0.00969288045801528,0,0,-0.156415528771092,-0.00173643556518327,0,0,0,-0.102524089043099,0,0,0,0,0,0,-0.566497911385076,-0.15745243455057,0,-0.266604024153411,-0.155628653347482,0,-0.0727799982895053,-0.199332158611859,0,-0.303418552760123,-0.870018764641573,0,0,0,0.744608548917046,0,2.88497132313609,0,0.0868096503044717,-0.540480188123487,0,0,0,-0.878545070607753,-0.0405815268636834,-0.349806880898855,0,0.827796884994256,0,0.475789326366789,0,0,0.0745307323700253,0,0,0,0,0,0.171385120600554,0,0.536669292619866,0,0.279381813403132,-0.0194791743958284,-0.503188472780351,0,0,0,0,0,0,0.00209154566958204,0,-0.181579223545093,0,0,-0.311051185128784,0,0
"42",0.0088505760890521,0,0,-0.138142480175985,-0.0631533872428442,0,0,0,-0.126454058515084,0,0,0,0,0,0,-0.551448359670152,-0.163885197043368,0,-0.286393014847744,-0.184605561595956,0,-0.0696224855940392,-0.218553537973686,0,-0.351017147199578,-0.94599902092343,0,0,0,0.860503902264262,0,2.93772935572395,0,0.0935967510685518,-0.565192425966735,0,0,0,-0.907674599466525,-0.0630688890386356,-0.376117652831989,0,0.922304264121867,0,0.532952659935848,0,0,0.0862788759379435,0,0,0,0,0,0.179811352039373,0,0.575316922702628,0,0.273795238375673,-0.0320074361103187,-0.530972708912494,0.0132355581348245,0,0,0,0,0,0.00880296831801771,0,-0.199572694097101,0,0,-0.329361331596314,0,0
"43",0.00808146736642413,0,0,-0.119319546250865,-0.119856785198018,0,0,0,-0.151209555199963,0,0,0,0,0,0,-0.537855958656357,-0.167968519997327,0,-0.305055030109142,-0.212269292777195,0,-0.0675271503474034,-0.235972878295706,0,-0.400776740652015,-1.02007889577913,0,0,0,0.966767225790147,0,2.99742266922665,0,0.0982449464529866,-0.591571813929035,0,0,0,-0.935317354028353,-0.0837353637985456,-0.40317713232123,0,1.01116597731137,0,0.589481969992551,0,0,0.0970037808116238,0,0,0,0,0,0.187655274603122,0,0.614322857394566,0,0.269984937431065,-0.0457198598604596,-0.560887993713183,0.0296023782470618,-0.0019430216312961,0,0,0,0,0.0160298461564565,0,-0.217220950680988,0,0,-0.346240153584811,0,0
"44",0.00737919364089361,0,0,-0.101561467602177,-0.182843156539409,0,0,0,-0.177310211281269,0,0,0,0,0,0,-0.521215448410768,-0.167824920210853,0,-0.325953085120942,-0.238603637155684,0,-0.068340866378494,-0.250663105657173,0,-0.450890751232188,-1.09251100400087,0,0,0,1.06423491692473,0,3.06587252742612,0,0.100636852459902,-0.618097856540191,0,0,0,-0.963195849094037,-0.0998419993070771,-0.432229583979674,0,1.09077474600933,0,0.64283646310265,0,0,0.102295651818307,0,0,0,0,0,0.194902244383018,0,0.657773769015716,0,0.272136696405233,-0.0630711009347344,-0.58502996943487,0.0438023789653403,-0.0287655074989012,0.00318080772699185,0,0,0,0.0270971175151735,0,-0.230132685624906,0,0,-0.357950121039194,0,0
"45",0.00673794699908547,0,0,-0.0829622579200136,-0.252420060552885,0,0,0,-0.197411776336982,0,0,0,0,0,0,-0.502064283394039,-0.168535075024155,0,-0.346483003629235,-0.258019344990741,0,-0.0707599241357418,-0.262098009761507,0,-0.503712534899702,-1.16401053641646,0,0,0,1.15752491575248,0,3.13919685070216,0,0.107018486777934,-0.647636170001343,0,0,0,-0.990745424143672,-0.115951878488653,-0.463413101595514,0,1.16687799292495,0,0.697247309513771,0,0,0.0927578215164787,0,0,0,0,0,0.205942318089959,0,0.693815391555344,0,0.275335248682466,-0.0869029922812288,-0.608473385621568,0.0554224259380675,-0.0581905776838627,0.0274987482189642,0,0,0,0.0355301857774443,0,-0.247029206799583,0,0,-0.370731049623158,0,0
"46",0.00615242423113686,0,0,-0.0655876923356011,-0.314915832481311,0,0,0,-0.212362065730048,0,-0.000483934759264784,0,0,0,0,-0.495512681899927,-0.168758487749027,0,-0.365032375959854,-0.275517362929753,0,-0.0748456586163164,-0.272849554858407,0,-0.559616261763209,-1.22701740188184,0,0,0,1.24762652535385,0,3.21447045808263,0,0.115206982012827,-0.675557573018088,0,0,0,-1.01077235802611,-0.129244025144959,-0.5029508094672,0,1.2405286854395,0,0.756693852765744,0,0,0.0747053503142725,0,0,0,0,0,0.218103623910206,-0.000826764773176487,0.731916837691171,0,0.281535292354091,-0.111626213508844,-0.629358643323547,0.0654075119224907,-0.0825648696166009,0.0553138121724842,0,0,0,0.0531324312222475,0,-0.263451381342781,-0.0219078799408841,0,-0.385645728127537,0,0
"47",0.00561778297232342,0,0,-0.0505906435752405,-0.373579859237932,0,0,0,-0.222654305035824,0,-0.0161337716530921,0,0,0,0,-0.503919998066498,-0.160351728362808,0,-0.380956432397018,-0.293834866019341,0,-0.0786345954903299,-0.27599421097353,0,-0.611807685408122,-1.28686258557133,0,0,0,1.33597768559454,0,3.29117131536804,0,0.126917129596308,-0.702220076752421,0,0,0,-1.02458533701837,-0.138733495115637,-0.548511670357054,0,1.31464515591776,0,0.818885994893279,0,0,0.043419888254951,0,0,0,0,0,0.228118187320506,-0.00991246360722266,0.769700714954363,0,0.292137009933504,-0.134558537066723,-0.64876215351447,0.0738264930185336,-0.106816243999986,0.0838718276738101,0,0,0,0.0720713035404767,0.0183970122879813,-0.284502125970882,-0.0525764377080814,0,-0.405067007628545,0,0
"48",0.00512960165594681,0,0,-0.027640499019782,-0.42698636731481,0,0.00647405860612663,0,-0.22759753040848,0,-0.0280978724472806,0,0,0,0,-0.512930634676757,-0.154840655464245,0,-0.382651748779759,-0.326056742624857,0,-0.0928897490171475,-0.299417280863397,-0.0140707971687358,-0.690802028883821,-1.3719802392715,0,0,0.0645474220785218,1.4243188183578,0,3.36362772305505,0,0.13981526746429,-0.743578680516138,0,0,0,-1.03108419070629,-0.150096295837012,-0.59211460804149,0,1.3888202862293,0,0.887654469822397,0,0,0,0,0,0,0,0,0.227984188748961,-0.0141127717587814,0.800224628835746,0,0.313484553206523,-0.155794085738139,-0.6647698811429,0.0793785534720646,-0.127308783110726,0.114845381223528,0,0,0,0.0907813071572015,0.0363248012143324,-0.312380249806697,-0.0818814161619448,0,-0.426906187854936,0,0
"49",0.00468384294628771,0,0,0,-0.456182069728592,0,0.0364475698961704,0,-0.243948258230793,0,-0.0514994676362891,0,0,0,0,-0.523613983000427,-0.142264470630224,0,-0.398325789395448,-0.379952474992102,0.0258523016543851,-0.0901326510176911,-0.338036144372223,-0.0559956838350776,-0.779480147881809,-1.46849872174246,0,0,0.138651837010959,1.5102084700128,0,3.44081574138358,0,0.137754660702928,-0.804319448395471,0,0,0.0352877397399813,-1.02447267696224,-0.17293928078529,-0.633041414347329,0,1.44459368272841,0,0.942881461481904,0,0,0,0,0,0,0,0,0.220936915885526,-0.0173694258547038,0.827845884548639,0,0.337051116799332,-0.169392652599197,-0.676329593233249,0.0820970698816301,-0.146744327789544,0.140802931854829,0,0,0,0.104707409280279,0.0468007639862277,-0.343615681075476,-0.103707654250541,0,-0.442391156566238,0,0
"50",0.00427682034920893,0,0.12219246524343,0,-0.450162744225718,0,0.0510479719544124,0,-0.270100567866677,0,-0.101669859769331,0,0,0,0,-0.551120956732353,-0.11116459737112,0,-0.404035871152652,-0.429320197100962,0.128015195647363,-0.161397933280657,-0.381110070338506,-0.0837946027815305,-0.901486275081853,-1.5876445357499,0,0,0.200418256022409,1.58598453449492,0,3.51385031116721,0,0.113834527281093,-0.865438936540806,0,0,0.0752512955014738,-1.00837749302215,-0.20411234049516,-0.660493578200023,0,1.47354095111166,0,0.965574790399349,0,0,0,0,0,0,0,0,0.213564533099239,-0.0302643317407449,0.850172667243939,0,0.367289868584612,-0.177315815817001,-0.685765632392528,0.0848487751606541,-0.1798118266955,0.17456329217561,0,0,0,0.12703659317573,0.0453724589740637,-0.369955087633462,-0.124155643466266,0,-0.439363822484538,0,0
"51",0.00390516772427323,0,0.39034833143488,0,-0.436621970908035,0,0.0712196926886691,0,-0.298918781243537,0,-0.170183653856285,0,0,0,0,-0.578613777610356,-0.0831907983041361,0,-0.405374433299845,-0.474782725473617,0.224299996708707,-0.329894379602072,-0.415468068070515,-0.109079575031607,-1.02443454281614,-1.71447559531671,0,0,0.259965048734752,1.64953472064694,0,3.56373028268917,0,0.0935247934343097,-0.919886140373315,0,0,0.116565448321819,-0.983731485212984,-0.233354587645535,-0.6810224793768,0,1.47834699809881,0,0.969911544906679,0,0,0,0,0,0,0,0,0.207242745844265,-0.0439816789903504,0.869466584295149,0,0.395609966851999,-0.178855551091463,-0.694535250551587,0.0883764721678623,-0.216657487107214,0.21115399324142,0,0,0,0.157808049990295,0.030111542937796,-0.393467571857014,-0.145404460824281,0,-0.431431697970087,0,0
"52",0.00356581144623626,0,0.664552489629569,0,-0.431927975615077,0,0.0861421387561496,0,-0.323387507507914,0.0252883582174759,-0.240915216135882,0,0,0,0,-0.600654968462873,-0.0648640530414165,0,-0.399544614626855,-0.523231114094494,0.324504571303746,-0.500572585277693,-0.457539579834818,-0.137990795456329,-1.1558411267788,-1.84507133009195,0,0,0.313642977171183,1.71601507152134,0,3.61044489496243,0,0.070741205675626,-0.97235086392048,0,0,0.158419911017711,-0.960467038057059,-0.257805860628439,-0.703498209536697,0,1.48699321820347,0,0.974857342840637,0,0,0,0,0,0,0,-0.00318251324664684,0.204399544459808,-0.0568440566103961,0.88761773385534,0,0.42116720238784,-0.177816152337564,-0.704334812798358,0.0910553759284015,-0.250597262453278,0.246648093235988,0,0,0,0.187893310036394,0.01262811927856,-0.418884756253408,-0.164667935040434,0,-0.423524091384296,0,0
"53",0.00325594498568581,0,0.937832819935673,0,-0.440608713858663,0,0.0898899715594274,0,-0.337828960020181,0.100552634995857,-0.310499948770884,0,0,0,0,-0.621132478542996,-0.0588061861469523,0,-0.376884751924993,-0.585320907897259,0.43891155259653,-0.671692811943252,-0.509295833162183,-0.16729072403245,-1.30130038526969,-2.00251014816584,0,0,0.355172260477255,1.78314988421533,0,3.64590168373503,0,0.0490057759921475,-1.0303654164903,0,0,0.200823348375529,-0.938145963042997,-0.267433289522541,-0.723098422272368,0,1.50970941241528,0,0.989402368885186,0,0,0,0,0,0,0,-0.0582256301948956,0.210888128119435,-0.078472365015194,0.900947357759094,0,0.449940474757127,-0.158137552133367,-0.713907454544956,0.091965936910164,-0.281882954300559,0.278938256056451,0,0,0,0.217201953126846,0,-0.448938944340153,-0.179033772790586,0,-0.413962087560413,0,0
"54",0.00297300569860536,0,1.20267976144782,0,-0.447988736296824,0,0.0930623370629923,0,-0.353580079493628,0.173770787651278,-0.383511399914176,0,0,0,0,-0.653613693842528,-0.0491223959244759,0.0133931267460356,-0.354450378037041,-0.649176776074474,0.551471204115366,-0.841864115171675,-0.554606240893998,-0.194115708816224,-1.4394803298497,-2.16187201798701,0,0,0.39328643366341,1.84424926280947,0,3.68982821291942,0,0.028240592978844,-1.08877995812045,0,0,0.241368573164962,-0.918405034251934,-0.275482347319595,-0.741128783035277,0,1.53274688896562,0,1.00411533135131,0,0,0,0,0,0,0,-0.118232175772862,0.21572115846359,-0.103481572615201,0.913856157682936,0,0.481524908991094,-0.134752979482146,-0.725076163353276,0.092463717431466,-0.316140208402028,0.309633312563309,0,0,0,0.243068937737812,0,-0.482935308433026,-0.189441268391329,0,-0.407836728475479,0,0
"55",0.0027146536329078,0,1.47380736283345,0,-0.452856893039412,0,0.0961730289633041,0,-0.36846827994805,0.246983193862237,-0.460737837841693,0,0,0,0,-0.692754992302009,-0.0449807014574531,0.0339935649430648,-0.33066418210294,-0.713681520139538,0.662584096014822,-1.0164529489497,-0.596922735109372,-0.22122836672821,-1.57083539252786,-2.3253434104505,0,0,0.428637913908374,1.90362110961368,0,3.74051522242476,0,0.00705789273190205,-1.15145981797666,0,0,0.279609573722807,-0.901824899338015,-0.28155078638013,-0.75193392053999,0,1.55264075294173,0,1.02440714602015,0,0,0,0,-0.0143943506064302,0,0,-0.179637841856346,0.219111869539361,-0.126563029338306,0.926301389599369,0,0.517664870182379,-0.109757941410021,-0.736316906383019,0.0923642674444531,-0.350468123931725,0.342543326056147,0,0,0,0.270569077533786,0,-0.519082685310632,-0.201569173719277,0,-0.404990533860144,0,0
"56",0.00247875217666636,0,1.7618359593951,0,-0.465011145808773,0,0.103373633734288,0,-0.373060164269492,0.316196421813748,-0.538840327271239,0,0,0,0,-0.73883334985392,-0.0446944507054554,0.0442069851574586,-0.319587802257451,-0.779364271556857,0.771690002018206,-1.20970335357578,-0.636244619542373,-0.248641381598777,-1.67343974492422,-2.52090212141569,0,0,0.463725164124406,1.9681627758513,0,3.79213077415366,0,0.00931642273654597,-1.2035894560493,0,0,0.314043079084768,-0.877937212507288,-0.275977134474823,-0.726827969237676,-0.0638726238621346,1.59085567103571,0,1.05021091953558,0,0,0,0,-0.0694424964593959,0,0,-0.233925886850723,0.212591767626042,-0.145500211166763,0.940096394805367,0,0.567346318327185,-0.0807502642840169,-0.744662038289186,0.091005630811685,-0.40050758015313,0.378857533933149,0,0,0,0.30463154513679,0,-0.562160510200307,-0.212975686598632,0,-0.413831323005386,0.0415549741337464,0
"57",0.00226335038800027,0,2.05492322921892,0,-0.484685775449019,0,0.122842685953447,0,-0.361812535762984,0.378573358809546,-0.610889318347788,0,0,0,0,-0.791647874414728,-0.0488797627023868,0.0572791502709749,-0.322822911450807,-0.852510551477689,0.879424168622,-1.41851459676689,-0.680878827385494,-0.277489121219309,-1.7600664571287,-2.72928507759351,0,0,0.498441576842504,2.0325594055844,0,3.84014891640317,0,0.0308717518762563,-1.24783151571231,0,0,0.345153188920999,-0.848657109430417,-0.264486984715768,-0.708642298858761,-0.126770744464023,1.64068540064771,0,1.07817228318178,0,0,0,0,-0.120634148891523,0,0,-0.28211875286595,0.197010566988941,-0.164467548687315,0.953651205939257,0,0.618052499021498,-0.0528120341647699,-0.753800047185031,0.0912294724919985,-0.460400410313523,0.412585678894147,0,0,0,0.343380624436236,0,-0.6052954175425,-0.22185914334079,0,-0.434179964759473,0.136819178757499,0
"58",0.00206666686048078,0,2.35961437785817,0,-0.475171027204403,0,0.148972872991016,0,-0.353300279303754,0.44697879740385,-0.686888757811552,0,0,0,0,-0.859244716496512,-0.0518367386572583,0.0812307903654642,-0.331450258352005,-0.92473213655005,0.987051983175354,-1.62898592827868,-0.737563499344467,-0.305927394278021,-1.85569879576289,-2.95022993738902,0,0,0.536389486337588,2.09037085577023,-0.0151599678937882,3.88850971321225,0,0.0503844163985712,-1.28800149753803,-0.00191603076349838,0,0.382845002046484,-0.812977981253206,-0.251263017690988,-0.701581836309649,-0.193019152404156,1.69420881323182,0,1.10627311327552,0,0,0,0,-0.153929434892688,0,0,-0.327194408586124,0.181842327948643,-0.187537403621314,0.96877938764182,-0.0331395477624337,0.666602566295459,-0.0315708644784759,-0.765800112084236,0.0920390378481869,-0.519674816830597,0.447016407724657,0,0,0,0.389132246609227,0,-0.646915540608413,-0.215318561647659,0,-0.450435375956622,0.237595345468898,0
"59",0.00188707499062182,0,2.6651199944773,0,-0.4628809257593,0,0.175886157394826,0,-0.348790662819874,0.511299924396483,-0.764471137111567,-0.0282890390249508,-0.0204725783589806,0,0,-0.935228730396937,-0.0429677537047561,0.103208976267159,-0.34096381900686,-0.997058137963462,1.09578018460255,-1.81676378001629,-0.789513262665835,-0.333920066926306,-1.94160844473855,-3.17829118362073,0,0,0.577382320148316,2.15975030716751,-0.0347478732915096,3.94474743645991,0,0.0700793429951397,-1.33095401577232,-0.00459833384913004,0,0.423071833627107,-0.785112044214411,-0.234985658865345,-0.683790613299585,-0.266851536769486,1.7526044044844,0,1.13628504880243,0.000542924005872672,0,0,0,-0.190798878613077,0,0,-0.369925931727583,0.165242338100205,-0.209130081013752,0.985302871775112,-0.0668345800039314,0.717204223619007,-0.0126428894064073,-0.776948987849982,0.0919970764802071,-0.577423744621483,0.481076340355743,0,0,0,0.438591451261852,0,-0.690250210032344,-0.212730885085848,0,-0.469167203337309,0.338552645679588,0.00682995881389726
"60",0.00172308952561512,0,2.96309618811204,0,-0.443479101124133,0,0.198931773855425,0,-0.344691133220409,0.57198182368555,-0.850213667130049,-0.0594580221416205,-0.0459652247112592,0,0,-1.01038199343597,-0.0304965131184927,0.121680754789528,-0.344012791257341,-1.07421825224861,1.20911646586909,-1.99644905762583,-0.835296467571501,-0.360729203171085,-2.02784531922443,-3.42767058468633,0,0,0.621280446104629,2.23556236471087,-0.0558725485456867,4.00483540751754,0,0.096152082579266,-1.37770839479102,-0.0132743211711975,0,0.457853041710373,-0.768009540071357,-0.215107287493891,-0.658521207050586,-0.336691986087549,1.81961364672966,0.00402599404874627,1.15641789843885,0.0264209175347845,0,0,0,-0.227254992223377,0,0,-0.408575700582127,0.146795790149667,-0.237605009360362,1.00350640177102,-0.10601055235553,0.769184012146535,0,-0.790294678159318,0.0912035051944492,-0.638510655784803,0.518355804706482,0,0,0,0.480118656071167,0,-0.734953905961282,-0.201458655938747,0,-0.488938972502018,0.442602764202401,0.0148986763799303
"61",0.00157335428005763,0,3.26997601970757,0,-0.421879616940401,0,0.224831301827188,0,-0.348219456257206,0.627983027020503,-0.938377840892409,-0.0767656331532776,-0.0695244075381686,0.0022435961765988,0,-1.08566500516151,-0.0165878754049603,0.139932122726827,-0.352281437673851,-1.15313031956165,1.32191128060815,-2.17910660027646,-0.878597801672289,-0.389618076027063,-2.11238210097882,-3.66972555663918,-0.0249354466769216,0,0.663267124845881,2.32429063569649,-0.0838037580243406,4.06762810840098,0,0.120850250408757,-1.42719054568057,-0.0218439572173802,0,0.498777988432695,-0.754660125931457,-0.197800937072161,-0.630341915663482,-0.409635971458785,1.88639465303509,0.024145851861061,1.17505894270006,0.0475967612215032,0.00474499625457826,0,0,-0.25927303839755,0,0,-0.445013025274814,0.131792623033722,-0.26225985130145,1.02365366740404,-0.150713182712496,0.820069005354255,0,-0.803794558682414,0.0893939488345972,-0.697716488562252,0.554532323789493,0,0,0,0.524776861942541,0,-0.77868607343556,-0.191447306664236,0,-0.507101972519516,0.545561324235029,0.0248708555758516
"62",0.00143663092008639,0,3.59190550365319,0.0174862162080844,-0.431526793797185,0,0.252418442552055,0,-0.352513370563653,0.671953478425692,-1.03211049854633,-0.0876344539616188,-0.0759780469406367,0.114399018490708,0,-1.15034079931069,0,0.179903399256116,-0.429073593869987,-1.25205666587304,1.44341300912461,-2.35272480354171,-0.922155681608621,-0.435137782290626,-2.21827737205463,-3.90225648902747,-0.0898225354871646,0,0.701304907839461,2.43517169916231,-0.134541758355351,4.10065814842941,0,0.153697405900576,-1.47682505557572,-0.0253880633559327,0,0.561231274145126,-0.747409990354074,-0.18642646939678,-0.615251537695851,-0.500488288219287,1.94517685597241,0.0541549979864312,1.18015436930647,0.0700951725551982,0.0474213286769232,0,0,-0.286120249754525,0,0,-0.495835959569019,0.112376879370336,-0.292431071454417,1.03933711871212,-0.19044123265095,0.864696454788843,0,-0.829629915399286,0.0893093018933674,-0.762196122632371,0.594239026345522,0,0,0,0.562584906330307,0,-0.821804834965356,-0.172564591288418,0,-0.541732558449783,0.64664364204136,0.0273751030882341
"63",0.00131178872216413,0,3.93865004614985,0.120698794268363,-0.447596511274768,0,0.280475926035902,0,-0.3499432557631,0.717000918611047,-1.12000616798284,-0.122873005736283,-0.0712023503358976,0.210474585493909,0,-1.22805577805982,0,0.252018854692627,-0.504980527213871,-1.35355162881883,1.55770603526807,-2.53264012959434,-0.977457574281532,-0.489967824478163,-2.34521552092296,-4.15513909449297,-0.162486507009874,0,0.751499261056437,2.52622288451143,-0.191272256042845,4.12974369255267,0,0.189024229450545,-1.53787163821015,-0.0243686629335394,0,0.637190931073537,-0.748175749069405,-0.17582984163444,-0.612354149445393,-0.587016956574725,1.99973029474471,0.0778478330424752,1.19796482501144,0.0896419869490307,0.0775275504156587,0,0,-0.301924413347937,0,0,-0.539295211259091,0.0891193731879593,-0.322518704483392,1.05946105357905,-0.226952016689289,0.907839132785112,0,-0.859337316666448,0.0930390682389759,-0.828255926911076,0.636323126708947,0,0,0,0.600031348361631,0,-0.872155387894926,-0.156436494371425,0,-0.579960419640876,0.752726772935314,0.0289756350152361
"64",0.00119779522181906,0,4.28055534800232,0.219652809862915,-0.47791201426264,0,0.308079952972959,0,-0.350377024273003,0.756818493103759,-1.2116973891537,-0.158576978953809,-0.0719401965953647,0.300028531981107,0,-1.3069059861682,0,0.336403707843359,-0.579657676305246,-1.45304600782408,1.66705106116702,-2.70824392066993,-1.02951715974187,-0.546498595190574,-2.46435835260516,-4.40887017985139,-0.232366763522923,0,0.804716909969078,2.62743747235996,-0.244631908971578,4.17361609186746,0,0.223916845265443,-1.60273768543927,-0.0195662994018095,0,0.709671560389546,-0.75108223248448,-0.164475665927604,-0.608301375774528,-0.674923668938992,2.05722241561214,0.103220808318349,1.21535348760081,0.108090818335842,0.107339210978885,0,0,-0.32029140294756,0,0,-0.578050852276653,0.0652878352538296,-0.34951359269726,1.08302400776664,-0.260975986369778,0.952171779234635,0,-0.891548263173082,0.0978455931473617,-0.892245829320851,0.677389581479831,0,0,0,0.638238684277044,0,-0.923875166793611,-0.145403928929839,0,-0.619223741749221,0.857987062365802,0.0314657938185813
"65",0.00109370767500245,0,4.62191943140453,0.316366318509478,-0.515545101014497,0,0.3353371267227,0,-0.354885047141338,0.795080410183538,-1.30350363255191,-0.1938747343982,-0.0731781883824323,0.385271652017026,0,-1.38869965193718,0,0.434828836693802,-0.654448488729678,-1.55160378589685,1.77494673391114,-2.88683091570653,-1.08128886123324,-0.605142629884109,-2.58212691174112,-4.66668018649129,-0.297941876135758,0,0.859061805595994,2.73187036529097,-0.296100719465847,4.23086193744081,0,0.256639636599175,-1.67090823533574,-0.0122696952542327,0,0.779618152830202,-0.756278791108587,-0.153366135802159,-0.603529102160753,-0.764123177866903,2.11630750217382,0.130704592440845,1.2323507365374,0.125150501310462,0.136547445777542,0,0,-0.338896664114351,0,0,-0.612679033203829,0.0411424479843661,-0.374689508459576,1.10989261785732,-0.294621150853975,0.998104221394986,0,-0.926576174629849,0.103265268072928,-0.955197676522737,0.717871644164232,0,0,0,0.676402117457381,0,-0.976164462972873,-0.137146478116331,0,-0.657889680911374,0.962269043290924,0.0351397043521421
"66",0.000998665261448147,0,4.96196495959824,0.411015931509173,-0.561871457932896,0,0.362945412464365,0,-0.363488791726152,0.831444566398997,-1.39559595886026,-0.227269620511804,-0.0743384734786663,0.467102350413135,0,-1.47242361621021,0,0.547755988854776,-0.730251896516253,-1.64971175570391,1.8809159425533,-3.0685110932674,-1.13314361814925,-0.665682415657696,-2.69916525319932,-4.92885746800344,-0.358889982888652,0,0.914557382053816,2.83900525608153,-0.346476218914132,4.30074261981394,0,0.287986840407631,-1.74175417293669,-0.00329904198343959,0,0.847372805038801,-0.763441375935981,-0.142737336993466,-0.597185807693609,-0.854769454320153,2.17695187954205,0.160498583218055,1.25014315082101,0.139863156160547,0.167364888460669,0,0,-0.357642075515927,0,0,-0.643860133655928,0.0166078482766797,-0.397080523127799,1.13961765831898,-0.328597924909821,1.04618146917739,-0.00241207562946179,-0.964033178193025,0.109261763535284,-1.01668444139449,0.757965884151415,0,0,0,0.714842413934225,0,-1.02879415102608,-0.13181777900621,0,-0.695801499915336,1.06532640792703,0.0398473488296248
"67",0.000911881965554516,0,5.30716008259365,0.49747259002911,-0.616481305778245,0,0.387813481775231,0,-0.380761220152946,0.869540334356133,-1.48564264992599,-0.252560806466373,-0.0748130088448337,0.554185130322672,0,-1.55881294837885,0,0.675304353095303,-0.823555897722485,-1.74086758440978,1.98873135375011,-3.25768534559318,-1.17855474312439,-0.729155739184216,-2.81633781752002,-5.20103975689339,-0.426391808517162,0,0.97005841359117,2.94298021088403,-0.392545650047663,4.38548535563795,0,0.310459778064956,-1.81200666798332,0,0,0.910276074857914,-0.771693010421393,-0.138106297283008,-0.580846010522088,-0.950533392031728,2.23681259900256,0.196205897871998,1.27114085164336,0.148707694420923,0.202049147189079,0,0,-0.380214119051149,0.0179042966976496,0,-0.672930028212849,0,-0.420038708033604,1.1694822568515,-0.361352570315381,1.09650163378683,-0.0173280032079728,-1.00159346542568,0.11476073459335,-1.07200093082245,0.798923705663955,0,0,0,0.748058145393824,0,-1.08018887073042,-0.129224969507267,0.00231986937232713,-0.729369145685302,1.15946336364897,0.0438150821540021
"68",0.000832640075912706,0,5.66320600339527,0.579286336752746,-0.670922214590012,0.00959597671962755,0.411300667261505,0,-0.405060736971678,0.911756878237172,-1.58130645478808,-0.270634086573219,-0.0758025216741828,0.63801392304182,0,-1.66611067326399,0,0.804419643847147,-0.925662080260643,-1.8245582720483,2.10141015943333,-3.45208941975989,-1.22074641777354,-0.797781357681502,-2.93306328839125,-5.48959613505909,-0.505802824737765,0,1.01908413748634,3.06339181870561,-0.42632445421938,4.49061767576734,0,0.327343315803929,-1.87465824057954,0,0,0.964797710081386,-0.779996238148908,-0.137771206704988,-0.557258593375878,-1.05773621314612,2.29761649429989,0.233010459443854,1.2892432015907,0.161464238052307,0.231679524598364,0,0,-0.404994994836889,0.0516196601927458,0,-0.702832882814004,0,-0.450576394026576,1.20207614502775,-0.392573450346413,1.1494717171457,-0.0391362586961163,-1.04232505782506,0.119357052149594,-1.12722272693966,0.839955802705305,0,0,0,0.770138039491445,0,-1.13874608412546,-0.120976614399538,0.0255411096277961,-0.759906243458781,1.24643520662237,0.0471545647889491
"69",0.000760284249721209,0,6.0124770488187,0.660998388553372,-0.713135267193178,0.0709071616959796,0.435692222480626,0,-0.439758180227518,0.960673872346502,-1.67740289597605,-0.281545029734415,-0.0707162670256478,0.725486793261329,0,-1.79201608445999,0,0.913787337013549,-1.01999488997736,-1.91901098412883,2.21061497344953,-3.65727453511171,-1.27458243843381,-0.86949409106971,-3.05364758939178,-5.80228826901917,-0.574151987498241,0,1.06784267439773,3.18111621864858,-0.451453956284092,4.61078491837352,0,0.347681815706466,-1.94047814001803,0,0,1.01871480707878,-0.798425262583382,-0.133346917981662,-0.53379856936762,-1.16935100739214,2.36946757106716,0.268395392464304,1.31119012478772,0.180052261816503,0.264872025312073,0,0,-0.430144748781801,0.0690745310823048,0,-0.732759271632603,0,-0.47594093222484,1.23816874375497,-0.431801082758551,1.20716440398241,-0.0663183548662816,-1.08867207991859,0.12167810666341,-1.1771104988837,0.881861438175321,0,0,0,0.795042768322631,0,-1.19824317463276,-0.114571921611865,0.0527187048037915,-0.787004681792116,1.33020202852358,0.0544401393242298
"70",0.000694216092998559,0,6.36283031184168,0.742434884695932,-0.759737380624446,0.132893558946363,0.465918125435633,0,-0.477775294740749,1.00763234909365,-1.77537680041939,-0.280173185851387,-0.0689738198308478,0.81812850352422,0,-1.91668146671641,0,1.03083105277323,-1.11283688488324,-2.01381314470674,2.31642505455258,-3.87615535480314,-1.32895739541944,-0.940607738993568,-3.16905207578341,-6.11920757514593,-0.639942005485684,0,1.11974429880786,3.3022200170129,-0.485336413734208,4.73926167454858,0,0.372267164722259,-2.01187507916303,0,0,1.07356780559903,-0.825085542041952,-0.131208477608771,-0.500664507678539,-1.28726314017928,2.4414661888017,0.305063734229303,1.33368551352685,0.195200292640852,0.299901894599376,0,0,-0.457366034898834,0.0885925429358008,0,-0.762583601765091,0,-0.49448424944874,1.27953976896535,-0.470717163581109,1.27113265902384,-0.100450223273217,-1.13809953502806,0.125339255589815,-1.23037813083663,0.914290184812774,0,0,0.0288687800875628,0.819443920958118,0,-1.25912238007467,-0.123192211227837,0.0755972326261783,-0.815327442579888,1.4161984870343,0.0617156805122581
"71",0.000633889211771657,0,6.72910806531541,0.824177886513964,-0.805087608101012,0.191954587303304,0.501886157837737,0,-0.518736612425355,1.05572278724452,-1.87610592609471,-0.276358124845185,-0.064623836551827,0.90989193678794,0,-2.05027388783638,0,1.15348742687733,-1.20052263789995,-2.1108475763566,2.42146433299112,-4.10544602567461,-1.38989593250032,-1.01407186419594,-3.28840021511002,-6.44078893258549,-0.716670188683483,0,1.1741175030921,3.42772898245114,-0.518313375931193,4.87867383429397,0,0.399283136475467,-2.08626038210792,0,0,1.12524930933215,-0.857652031817639,-0.128851421289889,-0.463703165516178,-1.40588316975775,2.52043343485987,0.342314029395457,1.35801991267825,0.214465134393978,0.340004511694251,0,0,-0.488568721355742,0.111350866986636,0,-0.792070465286226,0,-0.510364031071086,1.32661216638562,-0.505515816072723,1.3378311558668,-0.139297257405054,-1.18720034037406,0.12873429679613,-1.27910176229729,0.945916663555621,-0.0171017439517003,0,0.0595103009229968,0.847429947538911,0,-1.32584616446026,-0.134152572638143,0.102102201311686,-0.845013872177937,1.50493394555317,0.0685335176039223
"72",0.000578804693312299,0,7.11381029440859,0.905990075422925,-0.845177721181224,0.253866083817642,0.537739252621353,0,-0.567253789601699,1.10861215414532,-1.97384181713446,-0.27333096876009,-0.0484751420955419,1.00512768699843,0,-2.1877381447288,0,1.28170397065483,-1.28424843910615,-2.2096770974654,2.53278904086786,-4.34667972498789,-1.45756430979854,-1.09058031946569,-3.41950053371715,-6.76402589038158,-0.805614270525184,0,1.22624847617275,3.5434249225968,-0.547853565133429,5.02773003334853,0,0.422630552056164,-2.16234220419343,0,0,1.17522904697833,-0.898930660987895,-0.129643548310493,-0.426260591251209,-1.52349702841181,2.60335892601559,0.383489757516844,1.38269126419387,0.237625899604643,0.383816267124364,0,0,-0.520513502936511,0.136339957385946,0,-0.82185624935478,0,-0.525194785261658,1.37892211577621,-0.540660309507644,1.40622156528701,-0.181548561409718,-1.23507630042474,0.130767316583655,-1.32419244474285,0.978962928118553,-0.0471850229040263,0,0.0881014544269116,0.878886321670397,0,-1.39579289523209,-0.144965859976224,0.130977673286074,-0.874249044939643,1.59305775494551,0.0765298601351094
"73",0.000528506980050995,0,7.50605354831413,0.987072923327376,-0.890999148513509,0.313887039232638,0.572171793659189,0,-0.618881340609884,1.16061919262634,-2.07507873437898,-0.266652963309266,-0.0294718256326684,1.09985558649382,0,-2.32252555724905,0,1.41718712253943,-1.36922127238217,-2.30988095810771,2.64809107068822,-4.59477902203903,-1.52493702859583,-1.16851105430766,-3.5530970739812,-7.09331047069388,-0.894992203059669,0,1.27867194271555,3.66069359278774,-0.576921791829117,5.18599823156254,0,0.444473697808712,-2.23973002168535,0,0,1.22581011609593,-0.944240867281147,-0.132349132623322,-0.387584083576576,-1.64289604284677,2.68848287159558,0.427957508449289,1.40769439719401,0.260209674526981,0.429592709310051,0,0,-0.553860820968925,0.162018830346353,0,-0.852448595023736,0,-0.537672559490032,1.43363028246435,-0.578617735508957,1.47781633500601,-0.225587143726039,-1.28448571793603,0.133148111345809,-1.37068141687288,1.01245366342405,-0.0754962382154786,0,0.117288939671545,0.911691009320598,0,-1.46744226419188,-0.157905960853434,0.159907162353927,-0.904786586625111,1.68195970011285,0.0852004483255185
"74",0.000482580102044739,0,7.9100842173286,1.0692020198953,-0.93973400617978,0.372611621141484,0.606741377347988,0,-0.672323586297007,1.21146456151547,-2.1818096322303,-0.257202421037252,-0.00849241515401089,1.19182487346451,0,-2.45780298411261,0,1.55695835036307,-1.45452698448848,-2.41321407055232,2.76664281820348,-4.85112957693689,-1.59405859704809,-1.24886915615332,-3.69051132530578,-7.43362833098609,-0.985423057675204,0,1.33230573651896,3.78463113338304,-0.605273414358165,5.3547328854093,0,0.466774339592244,-2.31875121272066,0,0,1.27780216683082,-0.992434981923984,-0.136091757504642,-0.347741848674937,-1.76516650543897,2.77816316090984,0.474751472577119,1.43469775687537,0.282805794238534,0.477400090918188,0,0,-0.589080616627425,0.187664773050037,0,-0.884081383241253,0,-0.547920058443515,1.49086014454238,-0.620112019836944,1.55329891662767,-0.271516245841723,-1.33656143255231,0.135907271242144,-1.41942483005494,1.04632154677224,-0.101134737677391,0,0.147160067403057,0.946005538269564,0,-1.54163901335999,-0.172582167079466,0.189575700374469,-0.937043740093347,1.77351441774434,0.0945148300253042
"75",0.000440644236840619,0,8.3277001130742,1.14896297341203,-0.993937365982573,0.431783304964865,0.642876261910842,0,-0.727244454010672,1.26854263069556,-2.29192213066091,-0.24248568295203,0,1.28905250650358,0,-2.58648906986003,0,1.70247453800471,-1.53821943560034,-2.51547295414877,2.88776148724401,-5.12228684987023,-1.67054972848507,-1.33250866299358,-3.83643325030054,-7.7897972291499,-1.07312707456293,0,1.38749572409877,3.90785580292926,-0.628536848099351,5.53595006888329,0,0.483836472860621,-2.40353985267012,0,0,1.33417358449673,-1.04246751344095,-0.137715649076798,-0.311602532939038,-1.88950531220908,2.87139880576887,0.524511863112679,1.4621870842447,0.307414447779635,0.521915580221655,-0.00987201598917619,0.021382257101551,-0.628493107098685,0.21573715895774,0,-0.916815704695032,0,-0.556392499632198,1.54803335584432,-0.664025989332741,1.63400921961604,-0.318226527744615,-1.39399587065564,0.13739286907141,-1.46647088671534,1.08300679551284,-0.124990374676528,0,0.178146933873205,0.985130730153916,0,-1.61832965070441,-0.19190092951419,0.216926917781278,-0.971461671743044,1.85696657955489,0.106728907403348
"76",0.00040235256828482,0,8.76108391029789,1.22937932597733,-1.05579515758485,0.486197758145651,0.682612317189817,0,-0.782763008617331,1.33258359717693,-2.40284621633807,-0.232268376531384,0,1.39104438545901,0,-2.70922905362041,0,1.85656582135343,-1.61225830497671,-2.61275461349766,3.01375968708367,-5.40469283615325,-1.75360553044188,-1.41864098595519,-3.98732046940341,-8.1622603105007,-1.15439617839672,0,1.44516986111941,4.02448008733454,-0.650881093382345,5.72464655790528,0,0.493974230221387,-2.49696343532582,0,0,1.39126022018914,-1.10132343956268,-0.137010635099289,-0.275490954810645,-2.01245806341512,2.96689876916074,0.580431845987383,1.49556157069795,0.329277997130688,0.559975542269217,-0.0454188358971728,0.0543739231036439,-0.671675474162896,0.246112319165131,0,-0.949499170672335,0,-0.561231532097046,1.60392479286247,-0.70932915732088,1.72044173697605,-0.365460650861513,-1.45277102133215,0.13844882512602,-1.51388313251329,1.1241544557203,-0.14541238688318,0,0.210967048684927,1.03168356100645,0,-1.69546779164756,-0.21938943636029,0.238751694389871,-1.00550814613861,1.93164679089618,0.121114986039833
"77",0.000367388418298877,0,9.18311632970974,1.30667519639185,-1.15234684706085,0.519933581188496,0.723890853419836,0,-0.846443725174376,1.38317353692775,-2.50421106627896,-0.215286752133709,0,1.49933780812377,0,-2.83199493029985,0,2.0146863662765,-1.68166618668697,-2.72112788906068,3.14764432150296,-5.69354103878608,-1.8333247863695,-1.50727297714773,-4.14969793559688,-8.5459972387039,-1.23443167544271,0,1.50146354490611,4.14846972990917,-0.666120203658011,5.92088436822885,0.07804463864543,0.488334435019662,-2.59264292518775,0,0,1.44759320280182,-1.16275639595448,-0.135137782458614,-0.243884250520658,-2.14109720543024,3.07188641324204,0.638208305501869,1.52928666461533,0.343007924978924,0.597674712313102,-0.0846161138055112,0.0839238174558012,-0.707127656366949,0.27866364610554,0,-0.984033562600001,0,-0.555603656108178,1.65891622904484,-0.753875686839134,1.80917281178259,-0.414226120045826,-1.51564871999663,0.140844594749492,-1.55819233528818,1.1638847730545,-0.156541003611651,0,0.251808774635533,1.08215121113836,0,-1.77302894380349,-0.260032370437282,0.264724832514546,-1.04254887975753,2.01155139794466,0.139208506680258
"78",0.000335462627902512,0,9.62461334379224,1.38688578763478,-1.24578080484609,0.552949990479237,0.766359581823,0.00532342432552368,-0.912972197954695,1.43268864589767,-2.61178103881601,-0.19944319244928,0,1.60560604717698,0,-2.96192227807332,0,2.17519841221816,-1.74603885992367,-2.83709840526592,3.29042837777703,-5.99356236404547,-1.91891722910612,-1.60018571558943,-4.3213985128486,-8.94986289753427,-1.31808242455883,0,1.558307681551,4.276229181582,-0.678903111558749,6.13026474158763,0.170846185752996,0.47692664231119,-2.69157706907957,0,0,1.50676528524015,-1.22959266169974,-0.132527804996201,-0.213731283331382,-2.2725593037097,3.18335936390875,0.695368135462377,1.56404464254983,0.358904982684683,0.635423220874939,-0.123903124156665,0.114149781898626,-0.74286793162204,0.310425230369274,0,-1.02006512327303,0,-0.547597802884819,1.71649920410433,-0.803215855974364,1.90274673481343,-0.463575262119937,-1.58278987672215,0.143946821355259,-1.60408988880892,1.20527637512446,-0.165008877453781,0,0.294672412525014,1.13553630945765,0,-1.85502801666249,-0.302917603402788,0.292053424348457,-1.0821412787337,2.09503542311882,0.159355158501278
"79",0.000306311165823714,0,10.0776508237976,1.46928742097573,-1.3527356009279,0.585396352347573,0.804507461285013,0.0157780127867686,-0.97806016268305,1.47844451392187,-2.71957784796828,-0.197091844843772,0,1.71239831104111,0,-3.08829283936997,0,2.36012342279691,-1.81074109185072,-2.96133657745292,3.43426217220263,-6.30630975936203,-2.00439140494505,-1.69430209686826,-4.49059868774036,-9.36405620148591,-1.39411349034749,0,1.62234914488004,4.39976442993456,-0.691315074620857,6.34633844442363,0.253366113597862,0.471613537380444,-2.79985023742591,0,0,1.56589818316671,-1.30551655293873,-0.129601182134405,-0.181014462171283,-2.40296310868444,3.30710533304616,0.753606226200818,1.60320328097526,0.379782827389031,0.681939444686257,-0.152634042672245,0.144240900201745,-0.787727979147699,0.348479523914009,-0.0182014526627306,-1.05573870905452,-0.0213338116343427,-0.538702371755946,1.78016969569554,-0.85597343886941,2.01733558307751,-0.509001763933052,-1.65099748100402,0.147853779672337,-1.64918195054798,1.2430531622089,-0.176115559753621,0,0.335006045811356,1.18530253664703,0,-1.94155944828747,-0.344306270298898,0.316264257666268,-1.12901000394092,2.18957358137457,0.17948901223691
"80",0.000279692944918888,0,10.559403787491,1.54765264932122,-1.47031829613963,0.621257596807654,0.828628993818903,0.0270225705343479,-1.05467365926437,1.52364678902995,-2.8368001735357,-0.220974775685318,0,1.82229061304462,0.0536383322552739,-3.22280523031157,0,2.55262628708451,-1.86049426609377,-3.10273619927588,3.58161029139642,-6.63683063872083,-2.0964437976412,-1.79125883758367,-4.65388754721475,-9.79030852732196,-1.4665825417822,0,1.67590309749066,4.51781435726616,-0.698100668275126,6.57986868396757,0.342172372696886,0.465522619115062,-2.92380278749241,0,0.00162031600312608,1.62620136702471,-1.38766063024607,-0.131528086321425,-0.143879085297853,-2.53577964855176,3.45317282032551,0.811827463823118,1.65042924295894,0.393571714948011,0.733868767363722,-0.176472991613427,0.15972000216275,-0.846277476014951,0.390487058414232,-0.0761946124442994,-1.09507491148255,-0.0582729953347787,-0.518886503211073,1.85129513606671,-0.911367951144939,2.17586302886887,-0.551397934468799,-1.7119364782383,0.151427461679832,-1.69016569871016,1.27733623150958,-0.195501077463344,0,0.369747600793852,1.23511360369654,0,-2.03309640258619,-0.390681097523726,0.339988676771033,-1.18005414059789,2.30674234371302,0.199876918460034
"81",0.000255387828344532,0,11.0635578126961,1.6191013296528,-1.59368899776374,0.656491683247399,0.85155683997822,0.0421745541853272,-1.14295775590913,1.56505022724116,-2.95346236221664,-0.238639583424566,0,1.92831064051021,0.106957079490825,-3.3643640926934,0,2.74347164099071,-1.90246717468237,-3.25251283339548,3.73544131209563,-6.99053220311987,-2.18625551579186,-1.89203400732703,-4.81588068269137,-10.2454149319253,-1.55465548026486,0,1.72747338075267,4.65288743113015,-0.702570077594226,6.82893547841952,0.442296945302414,0.457036160786814,-3.05511320170574,0,0.0496568868278388,1.66548617070057,-1.46997095303045,-0.138307956044503,-0.0960881569373053,-2.68200444020546,3.60704499353772,0.875968001719645,1.68919830587842,0.402101509677711,0.796984768835273,-0.198845364829842,0.172620266739629,-0.907742385050179,0.433016421062805,-0.14677987701364,-1.13558764301897,-0.0894988554452949,-0.501745626726943,1.93016631204765,-0.97299806870909,2.34835747804753,-0.595647995223698,-1.77974132619255,0.156087885205685,-1.72199388603141,1.31528383170668,-0.217627282179343,0,0.393686020545455,1.28352262453567,0,-2.12941711130644,-0.437515392894891,0.366121864273276,-1.23283924148506,2.43308004387588,0.217751805936497
"82",0.000233194808991163,0,11.5998190617098,1.69174891704205,-1.69470308995402,0.705906883406376,0.880872668081258,0.0610711128081576,-1.23947381459959,1.60887643080277,-3.07780085603885,-0.254585455753649,0,2.03398036435776,0.160818328630289,-3.51827274978136,0,2.90896792778568,-1.93364335770921,-3.41437331875464,3.89879360439846,-7.3599110365772,-2.28421953354853,-1.99967601248411,-4.98718253682076,-10.7397220643193,-1.66199650936546,0,1.77652865147693,4.79567197297728,-0.703864833404748,7.09698530667138,0.548452405996631,0.449548852516784,-3.19519976574688,0,0.121125785767773,1.69664616074753,-1.55362685013284,-0.143768192076134,-0.0434940345096827,-2.83873778173537,3.77343976145455,0.941328224743458,1.72690004091263,0.414660727051632,0.86120751562494,-0.222699992356593,0.186039665685293,-0.971161334693451,0.470758190167134,-0.221155265732723,-1.17845655473228,-0.114750224071168,-0.484563905674662,2.0158209159203,-1.04299231781344,2.52766419169119,-0.642413676667549,-1.85399263060094,0.16088158377279,-1.75440520571105,1.35621609626035,-0.241829492562657,0,0.412569983371133,1.33802062412901,0,-2.23029386866905,-0.4848116600574,0.394262767931297,-1.28488021729624,2.57049559214568,0.236720690721223
"83",0.000212930347123137,0,12.1596521419391,1.76395441045008,-1.79171556388413,0.769402998440201,0.910869127844578,0.0801411475311311,-1.34186389676696,1.6589222159221,-3.2019639293049,-0.267819868491637,0,2.14489290272838,0.217726127884696,-3.67287668553669,0,3.0682153294289,-1.95958952383388,-3.58016372178273,4.06951183877531,-7.75006072378138,-2.39041003540638,-2.11057913737912,-5.16923519378091,-11.2528386338768,-1.7779270485374,0,1.82488868845054,4.9414252911263,-0.70264403854921,7.37846490457091,0.645423443673999,0.440314339674114,-3.34214850262853,0,0.200257125754872,1.72709184490696,-1.64110848976935,-0.14811497009146,0,-2.99586230802778,3.94840073866252,1.00922057874896,1.76455212125714,0.431164376374682,0.926482622712076,-0.250786016199916,0.203182436022137,-1.03432965201863,0.505251907826871,-0.297695776055225,-1.22284756072028,-0.139011343701592,-0.467348523605925,2.10608413755974,-1.1196145025556,2.71059215552782,-0.690459890959758,-1.93137529853174,0.165239487673845,-1.7864258371514,1.39960233483245,-0.26828206060416,0,0.427836332610972,1.3964494797936,0,-2.33375079463088,-0.531798769595342,0.421272524167307,-1.33750128811972,2.7110061260021,0.256177475441075
"84",0.000194426852476367,0,12.7354796143171,1.83785065512817,-1.91076815041612,0.831798853883029,0.943598471139212,0.09900461522946,-1.44700318049889,1.71027895078658,-3.32419048782534,-0.274463600414725,0,2.2562964446793,0.275566186914363,-3.82158901408956,0,3.2351675302313,-1.97185007087927,-3.7442686203826,4.23872959603422,-8.15780077221422,-2.50513087283901,-2.22394307274051,-5.37300240444083,-11.7570274731151,-1.90302386707451,0,1.87270821755751,5.10342283053308,-0.696306166043606,7.67088705310162,0.749815856411176,0.41981962493693,-3.49643761398686,0,0.269824295522277,1.76220149137395,-1.72062523067605,-0.143341949506028,0,-3.13680852251538,4.13212520799525,1.07931748888284,1.80026917060424,0.448537501489598,0.988567931333994,-0.28948956745602,0.224282636320021,-1.08302044684888,0.536746108508675,-0.378109640415925,-1.26864958212626,-0.161408871073315,-0.445878428751543,2.19923266934592,-1.20317265042555,2.89275138320229,-0.737248993497161,-2.01019981221016,0.171182999722367,-1.81355228592347,1.4408390153012,-0.291049917880451,0,0.443114387047144,1.45954885964283,0,-2.43892965554393,-0.58287806902152,0.447141812582469,-1.39377991623173,2.84714140129585,0.275115687773076
"85",0.000177531298260676,0,13.3290054467108,1.91430635646776,-2.04864096133173,0.88891177380334,0.97636543085624,0.117683658269494,-1.55418830245085,1.7601618021452,-3.44350227361435,-0.285136879512323,0,2.36623550481308,0.333989579168291,-3.97045659167194,0,3.41545579136012,-1.97941428209911,-3.91607649356622,4.41302197963461,-8.57936508648112,-2.62573593602522,-2.34110041186978,-5.59257369333939,-12.2739441413056,-2.03153760176407,0,1.9234143462145,5.27993721899766,-0.686968509660858,7.97513707349883,0.865609003956308,0.398666652600662,-3.6566945545133,0,0.337995449102575,1.79443392279951,-1.80129847158551,-0.135806657920717,0,-3.27982333900578,4.32396757164769,1.15358593081227,1.8389617693355,0.464736539745866,1.05597048526455,-0.330931494784354,0.244413756578213,-1.13211203667132,0.569642259153118,-0.461480857955982,-1.31645531645254,-0.184172323273456,-0.419960248668282,2.29478212877825,-1.28967497816911,3.08017680839854,-0.786554684229033,-2.09249088884299,0.177561272439526,-1.83864123624124,1.48273871789228,-0.309811975985842,0,0.459298418529845,1.52463919901728,0,-2.54578209774441,-0.640234842144508,0.473181421003652,-1.45329754960737,2.9860308433481,0.295291747801269
"86",0.000162103955604344,0,13.9465611455206,1.99338817930771,-2.19579032961623,0.946273338081592,1.01039770687393,0.136750170582923,-1.66473974592044,1.81044212284079,-3.56272658676805,-0.297218968165971,0,2.47531565924964,0.392933873075066,-4.12289759693104,0,3.60326560145437,-1.9813983378693,-4.09639183347247,4.5941239717865,-9.0189203600814,-2.75339212998389,-2.46279388249786,-5.82740213256405,-12.8103789174403,-2.16723847983264,0,1.97694323729886,5.47038120800524,-0.675613529394147,8.29366387781256,0.987661180368744,0.377567928942114,-3.82403378441254,0,0.409135091494147,1.82378645965698,-1.88373118664371,-0.125596128570112,0,-3.42641363274549,4.52433669315424,1.23197312293114,1.87909596906022,0.482039579676614,1.12836676058172,-0.37482870634527,0.264599270345545,-1.18203533937301,0.602623047144152,-0.547335418252586,-1.36643720685442,-0.206415141057985,-0.391226893278601,2.39385623019732,-1.38092815089968,3.27310879632558,-0.838433597175993,-2.17905893549351,0.184305341057099,-1.86235938573632,1.52607541111222,-0.32648419187887,0,0.475335939929096,1.59258090367238,0,-2.65548723137716,-0.702025459540355,0.499535238215882,-1.51572465919515,3.12906103526407,0.316524333153192
"87",0.000148017237974514,0,14.5880416101409,2.07439876681049,-2.35082741055882,1.0058048956837,1.04556103740252,0.156229010467995,-1.77934068361291,1.86246668514155,-3.68113589960334,-0.310316613894626,0,2.58459066906997,0.45284765657206,-4.27834809437852,0,3.79690516246212,-1.97771127902638,-4.28495489222457,4.78216284288505,-9.47697494192313,-2.88831068553853,-2.58885828392159,-6.07732261597325,-13.3656960608915,-2.31070569413907,0,2.03289909483386,5.67331968726767,-0.662521365731408,8.62643041704693,1.11401335020243,0.356186962202785,-3.99904837172328,0,0.484423868125554,1.85018647421047,-1.96850614670603,-0.112867030805206,0,-3.5764870670974,4.73270695512244,1.31510108244534,1.9204254374297,0.500796640010372,1.20570335586201,-0.421602184278594,0.285512955298467,-1.23311405436742,0.635397701844689,-0.635309527265854,-1.41861773463767,-0.227924292080685,-0.360000535283325,2.49647340639117,-1.47692075418254,3.47109357016974,-0.892904116470834,-2.26960986481695,0.191226142699261,-1.88396110583972,1.57129963966692,-0.342243028733569,0,0.490582094536478,1.66342385842295,0,-2.76803943174851,-0.767810465055922,0.525955112764696,-1.5808656555973,3.27555057737001,0.338893933910768
"88",0.000135154646016651,0,15.2518665647252,2.15724637380257,-2.51504996534248,1.06706839577609,1.08170401098293,0.176192357682182,-1.89778455728658,1.91634134050124,-3.79839896674606,-0.324542016791199,0,2.69446047472261,0.513626964482642,-4.43628332768011,0,3.99719355713082,-1.96904165196765,-4.48172968248902,4.97666808827981,-9.95253759796485,-3.03006490097311,-2.71914134037023,-6.3420880134,-13.938637944041,-2.46127471560069,0,2.09153271783683,5.88867497263125,-0.648119947514389,8.97311497445611,1.24466929042196,0.33454052163348,-4.18175371117365,0,0.56351693440395,1.87376106898528,-2.05565734777055,-0.0977162720819065,0,-3.72980176287029,4.94861896197061,1.40324607923032,1.96310121922219,0.520909976896729,1.28813280105725,-0.471172900238521,0.307340749296499,-1.28535169103084,0.668167224904261,-0.725181371738873,-1.47298380835132,-0.248910731033734,-0.326273305256119,2.6024655107316,-1.57727348308893,3.67380451134753,-0.949945786939401,-2.36407291828,0.198398839028452,-1.90298028936073,1.6185290066323,-0.357257899103713,0,0.504985208145249,1.73677832474535,0,-2.88347972561718,-0.83759533036427,0.552414967346691,-1.64900241160807,3.425144757045,0.362373661168297
"89",0.00012340980408668,0,15.920490708955,2.24219026713413,-2.67990391072232,1.1254659939037,1.11801093193575,0.197045335824261,-2.02016705959217,1.9655896919169,-3.91797926675215,-0.33600187085945,0,2.80364274091168,0.573335437245843,-4.58752630339036,0,4.18776372074896,-1.95362863314308,-4.68620497135823,5.17649707510306,-10.4414952350305,-3.17703129320133,-2.85327146382066,-6.61832815718964,-14.5309250638724,-2.59097060951237,0,2.15865803630446,6.11584683305533,-0.638280493853919,9.33448913878423,1.3776617271616,0.316581697982517,-4.38171718892869,0,0.64459770008813,1.89551156607069,-2.14512728886002,-0.0800205488215416,0,-3.8858138802821,5.1774539580504,1.49709028111651,2.0023822389793,0.54354569596808,1.37992372723532,-0.522716081856206,0.328176242458964,-1.33844357618576,0.698377639067141,-0.831864442355894,-1.52840022494013,-0.270323291846295,-0.280264382230354,2.71526134234671,-1.68313409988405,3.89337504290351,-1.01144130661114,-2.46249559341719,0.206868815428231,-1.91688013353352,1.66821531428998,-0.364131498032221,0,0.520588863576022,1.81968638193066,-0.0204054586599992,-2.9998512779253,-0.922636056202755,0.578723023215652,-1.72064506346868,3.58047720984349,0.38843830892774
"90",0.000112685580507801,0,16.6011413362454,2.32752974547746,-2.84812993989789,1.17786570638788,1.15231755921712,0.21829514445095,-2.14514274223261,2.01064490535256,-4.03475417041909,-0.350588588696124,0,2.91496057438137,0.631327766479947,-4.73120912583159,0,4.36309681129016,-1.93224750346073,-4.89852730479264,5.3839188539684,-10.9423777701587,-3.33350253950717,-2.99035869748782,-6.91241443562291,-15.1432607226171,-2.69787967353059,0,2.23144051701373,6.35748902671994,-0.632473498072371,9.70885114887557,1.51721220270428,0.308110041460189,-4.59737324621179,0,0.733028128931079,1.91132557474172,-2.23485813222244,-0.058809371424755,0,-4.04823004240097,5.42130440347016,1.60007732106752,2.03721391445595,0.572294290148517,1.48250052379086,-0.57123051305929,0.346144730918518,-1.38966496792869,0.726359456885351,-0.96276325369569,-1.582789182012,-0.291918518632302,-0.221603626705299,2.84113131330439,-1.79607478251806,4.13261687939473,-1.08146921349129,-2.56366385523917,0.216163304934116,-1.92580238239895,1.72036621780796,-0.362420765532226,0,0.536539790366448,1.91346590855043,-0.0801103705291631,-3.1135498872505,-1.02424535893954,0.609695977139899,-1.79261057215092,3.75381328306267,0.417243639359935
"91",0.000102893284276355,0,17.2971608147197,2.41634937112145,-3.02505433189534,1.22981470529614,1.18964026607021,0.242147034271632,-2.27131624130093,2.05438146041692,-4.15185534510754,-0.366478154412794,0,3.02566148588122,0.688757362842115,-4.87622422650619,0,4.53266782737235,-1.90587194088274,-5.12299340588761,5.5965423363236,-11.4575647778891,-3.49626010585297,-3.13319240505523,-7.22153741831977,-15.779496478725,-2.80157556402932,0,2.30914229565405,6.61827383614136,-0.627861181106637,10.0995598832073,1.66863588407165,0.301972846939335,-4.82281351554225,0,0.825606544514394,1.92324493530188,-2.32606820118064,-0.0344982661914311,0,-4.21649787901336,5.67736106260819,1.70603401961413,2.07416276867958,0.602430704638441,1.5906027675781,-0.623242727225894,0.362186447324765,-1.44172585357264,0.75207273272739,-1.10002120847442,-1.63852294908796,-0.312350414832992,-0.157274377379526,2.9728163819265,-1.9145513308899,4.38053494654594,-1.15479722560185,-2.67084228939882,0.226600219904607,-1.93347770786614,1.77579471326621,-0.355009136106349,0,0.552494006328485,2.01050942860402,-0.145805576039685,-3.23105006493196,-1.13307665308336,0.642383963402213,-1.86864956527512,3.93436101785904,0.447501734266884
"92",9.39519315733745e-05,0,18.0137492534406,2.50794217988114,-3.208739345449,1.28256006547068,1.22974593360837,0.268086805074556,-2.40005199795152,2.09953927913458,-4.26921282768514,-0.384158069759091,0,3.13669828502964,0.74648667851601,-5.02369631009744,0,4.69972563223451,-1.87408514217103,-5.35835981010365,5.81638622236398,-11.9877401609581,-3.66636479070995,-3.28159822062824,-7.54684434825641,-16.4390919217842,-2.908715803105,0,2.38975576979969,6.89374767230891,-0.623184126484891,10.5065772282569,1.82961533010819,0.296098474985496,-5.05709820126927,0,0.924075625325328,1.93140112260517,-2.41891761558011,-0.00780949988021523,0,-4.39014924048767,5.94367540042513,1.81576405399646,2.11310187105726,0.634359695288588,1.70283255847215,-0.679161741410758,0.378536617111263,-1.49482897012155,0.776651484239945,-1.24087393130526,-1.69586264769432,-0.331413318777099,-0.0891862509889023,3.10994632928311,-2.03836080132715,4.63490977349472,-1.23095737758723,-2.78284825922735,0.237714031666633,-1.93991036536829,1.83472427253191,-0.34532837231371,0,0.567150527705382,2.11110114809746,-0.214568942243394,-3.3523955136609,-1.2470598769973,0.676329521183146,-1.9478826392171,4.12093872718618,0.479123459225829
"93",8.57875760157504e-05,0,18.749501044351,2.60224463043027,-3.39604693567229,1.33494409258528,1.27428787278618,0.293932770815181,-2.53230700443467,2.14694422673001,-4.39100992766317,-0.398234185180337,0,3.25241065990001,0.806090450022925,-5.17185883788781,0,4.86367949023433,-1.84140313843181,-5.60125876226475,6.04815669331947,-12.5291942143698,-3.844512316561,-3.43342760154325,-7.89046609866498,-17.1209816492765,-3.02302401746143,0,2.46955897340458,7.18317176431027,-0.619906763540572,10.9271218882077,1.99696133297073,0.287933375790533,-5.29530086130164,0,1.03075717499143,1.94305306784844,-2.51357581699513,0,0,-4.56592039531468,6.2225330556027,1.932267668498,2.16000780198642,0.664358530557304,1.81626912121449,-0.741433805734769,0.395811332950244,-1.54691201208647,0.80386424169388,-1.38526743647475,-1.7537536288679,-0.348071782443187,-0.0162124161424009,3.25219341204907,-2.16647241221013,4.89487400799642,-1.31162124917892,-2.89941266695306,0.24979797259641,-1.94329859525605,1.89716586726537,-0.335674331612797,0,0.578932628483757,2.21353205329594,-0.28507786115643,-3.47690844463532,-1.36517441382604,0.711449467983433,-2.02741509210228,4.31229757771792,0.509926238302792
"94",7.83326971081007e-05,0.0905065503630772,19.4584513974785,2.6966224215877,-3.59039896869501,1.38421115120166,1.32065692053395,0.320283255958656,-2.67101907227075,2.19222456118414,-4.54801942527288,-0.45999260191001,0,3.37591106407052,0.86546973504005,-5.31126570679407,0,5.02573436305268,-1.79849440056559,-5.85239106091979,6.28361401849115,-13.0503160849741,-4.02562874889864,-3.5847309973517,-8.22849969862737,-17.8214356790209,-3.12780109770796,0,2.54937992688176,7.46773393166375,-0.614063205775015,11.3469812932698,2.17266810298349,0.271805993354578,-5.54282746429938,0,1.14618087678211,1.96348501357632,-2.60770822995361,0,0,-4.73334040072134,6.50316179121605,2.04955675638214,2.21562942247743,0.687535330058073,1.92988872189449,-0.805443206391405,0.415552708963545,-1.59503354534244,0.82866888187052,-1.53248967837086,-1.81415413460036,-0.365217521579379,0,3.39886799754902,-2.29233877379885,5.15296101341529,-1.39486600603836,-3.01585875323397,0.266305286624674,-1.9347139787255,1.95920675434243,-0.324185867964275,0,0.587992401509505,2.32805203454604,-0.367416861741184,-3.59927049557845,-1.42707534302609,0.740199208292913,-2.10560622077884,4.50264671787485,0.540389439443739
"95",7.15256418377283e-05,0.255030838444624,20.1573133328835,2.79337228569595,-3.77941240803607,1.42886091505143,1.36656202498785,0.348457711281906,-2.80660416492201,2.23750560529491,-4.72633842992018,-0.577015534482315,0,3.49126583045618,0.924898039555862,-5.45507324354074,0,5.18789677650297,-1.74393539855221,-6.11204532449003,6.51682998811268,-13.5665729669088,-4.21185665304116,-3.73230764750258,-8.56590624288303,-18.5311555766887,-3.22000990188062,0,2.6352324890252,7.75984058642632,-0.607776824500148,11.7673900450326,2.34222808978697,0.254394743769298,-5.79496968233993,0,1.26195608559815,1.99228513590505,-2.70273316554795,0,0,-4.89230265565433,6.78235270626282,2.16435313394408,2.28302940752931,0.712311350937097,2.04673301536619,-0.868021628190273,0.434266638427678,-1.6454015162851,0.853261463260099,-1.68109715326504,-1.87604621706386,-0.386977187194435,0,3.54730103288898,-2.41886413968377,5.41095020132207,-1.47704149503834,-3.13294718020993,0.285919932101633,-1.91796511058504,2.021880016278,-0.308533691188465,0,0.592956061858672,2.44027654975283,-0.457658471058663,-3.72333920367353,-1.47004382114979,0.767459164128816,-2.18769436489406,4.69168184674783,0.570990544754002
"96",6.53101147945782e-05,0.476230966526031,20.8604215377774,2.90107601771152,-3.95281379856665,1.46532310812095,1.40738011375718,0.376492090949761,-2.95736527999824,2.26999422924715,-4.90853732723608,-0.757474448851468,0.0313913252235974,3.60399029051312,0.967008765021544,-5.60992541374011,0.0314978092140092,5.33149489989095,-1.6905859743621,-6.38200269952476,6.75392451665822,-14.0806780138291,-4.40162673280813,-3.88708633716355,-8.92559184585108,-19.2488289578856,-3.29596454132336,0,2.72804604410523,8.05356581722122,-0.597305800676301,12.1962854542474,2.52459518860572,0.234466445421757,-6.04558832308051,0,1.36798073898139,2.02609541586359,-2.80547901630831,0,0,-5.04935400861025,7.06579896202774,2.28446851586359,2.3509251784214,0.744564677170831,2.17663968229832,-0.928521594797099,0.454050470882269,-1.68502292411519,0.869982122612652,-1.82912487641865,-1.94145886631685,-0.414041156129781,0,3.70662523168762,-2.54958943067381,5.66640430698132,-1.56264121403593,-3.25653567739204,0.304512842779613,-1.90300945054829,2.08551592659346,-0.293816132386051,0,0.595245000699455,2.55494065984839,-0.551965771537312,-3.85318126957725,-1.50925881316221,0.801816223559351,-2.27327231874438,4.87938687192501,0.604284929382804
"97",5.96347125994062e-05,0.746135950899081,21.575898967558,3.02262399781315,-4.10462064315751,1.49481849206477,1.44254724850706,0.40557754736917,-3.12739580996591,2.28523376048716,-5.08834335465019,-0.988480140977166,0.110476034250105,3.71567389587453,0.984541839189007,-5.78090558872689,0.0937959201512998,5.45577424842103,-1.64457590707714,-6.66675826079415,6.99743434940037,-14.6046421071806,-4.59587146781156,-4.05441924547727,-9.31308813873116,-19.9784267569609,-3.36037021791651,0,2.82626560473922,8.34246452079412,-0.580401094774033,12.6344199715312,2.73096490536871,0.215697429528183,-6.28911772019043,0,1.46634420596881,2.06160831620853,-2.91496592474486,0,0,-5.2095178269861,7.35305448289332,2.41080320482164,2.41304105276235,0.788209742295303,2.32387931297151,-0.977751286728779,0.473892514924915,-1.70888250752494,0.876184139981667,-1.97322042218717,-2.01004625370727,-0.447367675372061,0,3.88101624642972,-2.68816951363649,5.91526472595515,-1.65287398404447,-3.38915455573804,0.32089897263164,-1.89555783469068,2.15035493125649,-0.282881671410165,0,0.595816490312787,2.67562363896307,-0.650773407561511,-3.99062734769192,-1.54369640808785,0.848345506720933,-2.36317309528472,5.07325057113729,0.641427131798028
"98",5.44524987898046e-05,1.04034727556129,22.3081973645444,3.14899678938359,-4.23334514886118,1.5208976611797,1.47736659412015,0.433490913539153,-3.31473682805768,2.29635568189092,-5.26573910630704,-1.24059839798909,0.198182438093957,3.83813139092308,0.999873549003581,-5.96963769095622,0.176270088159552,5.5662407238687,-1.59989832825799,-6.96113266584351,7.25287532316203,-15.1511317579989,-4.79827910765525,-4.22667751688014,-9.7208643131658,-20.7361254763661,-3.41616828877736,-0.00102624174423905,2.92991013302609,8.62467425154452,-0.563195481827469,13.0827426334825,2.95489331697662,0.189834267090425,-6.53220480931129,-0.0230503189098068,1.57325007598259,2.10015447370579,-3.023743982218,0,0,-5.36751487518896,7.6436453081732,2.54105400044889,2.47194967607375,0.837393088443867,2.47768716206824,-1.02471687088064,0.495709963910054,-1.72581736100523,0.876669786098553,-2.11701979710945,-2.07972334974376,-0.48607012853823,0,4.06191294989724,-2.83321011269951,6.1634712377357,-1.74731101483992,-3.52523367308102,0.335299836437194,-1.88401857398585,2.21835213376936,-0.280120870266306,0,0.593448600067203,2.80204895139331,-0.752939440308283,-4.13462410550415,-1.57121915652648,0.90247394916543,-2.45145176906068,5.26787004968495,0.679666022256779
"99",4.97206156483296e-05,1.34195492434548,23.0571357513798,3.27615120406709,-4.34210318044366,1.54853945233555,1.51141931536146,0.46475245114544,-3.51191755870865,2.30715572728299,-5.44953645254387,-1.49091310073454,0.288150979870195,3.9646256025293,1.01532069352338,-6.17034449251754,0.268954454152111,5.67267659395805,-1.55212260051024,-7.26009830067615,7.52405245415394,-15.7154878417254,-5.00940739525515,-4.40226909051565,-10.1505231648415,-21.5136693879567,-3.46906403707834,-0.0145245713189829,3.03943758182862,8.90640713729556,-0.540981054443758,13.544729534846,3.18053932582839,0.158310098274566,-6.78197434534826,-0.0535370695769156,1.68309330925708,2.1426217680052,-3.13595087475878,0,0,-5.5260726198973,7.94085474073775,2.67599959764142,2.5298612792148,0.89464586821255,2.63659632697722,-1.07272055514424,0.522147571232139,-1.74335251118123,0.875966712199581,-2.25857179588817,-2.1482073904175,-0.52735723527361,0,4.24668483934272,-2.98264441324024,6.41187963931697,-1.84542558055754,-3.66419217919396,0.348422593962485,-1.86878084180503,2.29104758134552,-0.284800103155558,0,0.587696220256366,2.93276681426754,-0.857529431957406,-4.28395520524599,-1.59528940523798,0.960069352811948,-2.53903395734919,5.4611925061499,0.718547254840421
"100",4.53999297624849e-05,1.64184736980712,23.8232326041741,3.40315858483623,-4.43981426791917,1.57908014095373,1.54486634473535,0.497704737144002,-3.71419413549385,2.3214628654037,-5.63965839647186,-1.73518614788645,0.380889815882111,4.09219444033521,1.03159357095464,-6.37956199843598,0.361781801921836,5.7813540043625,-1.5002330799354,-7.5629375786213,7.80491018315132,-16.291514326907,-5.22611306974292,-4.57997589799237,-10.5920344978509,-22.3040268356115,-3.52474766525201,-0.0317641820879601,3.14912644226317,9.18437227155368,-0.516302044790798,14.0160766100921,3.40782163440371,0.123279454473522,-7.03596542083335,-0.085612443005971,1.79612369282203,2.18698885440533,-3.25045915667654,0,0,-5.68636169944116,8.24102460449181,2.81288535645654,2.58675925226379,0.955350253800886,2.79676220349672,-1.12084307464742,0.552226902284894,-1.76160238163051,0.875398407416621,-2.39772188518735,-2.21700091310401,-0.568975922994586,0,4.43346426986702,-3.13508513144749,6.66027712355533,-1.9444911690818,-3.80409557263486,0.360942557213227,-1.85201760308589,2.36688605473345,-0.294268347502815,0,0.580104413953607,3.06721699749056,-0.962349670278577,-4.43704911324621,-1.61777292335332,1.0191288014638,-2.62618202968801,5.65361236397169,0.758432083725016
